{
 "ours_30000": {
  "SSIM": {
   "DSCF0840.png": 0.5029516220092773,
   "DSCF0832.png": 0.8359819054603577,
   "DSCF0920.png": 0.759550154209137,
   "DSCF0792.png": 0.8431336879730225,
   "DSCF0768.png": 0.7251179218292236,
   "DSCF0720.png": 0.7010191679000854,
   "DSCF0680.png": 0.7670244574546814,
   "DSCF0816.png": 0.8872061371803284,
   "DSCF0800.png": 0.8083227276802063,
   "DSCF0664.png": 0.6611579656600952,
   "DSCF0888.png": 0.8276857137680054,
   "DSCF0736.png": 0.9162217974662781,
   "DSCF0824.png": 0.7193017601966858,
   "DSCF0688.png": 0.7224204540252686,
   "DSCF0896.png": 0.8507702946662903,
   "DSCF0712.png": 0.5419596433639526,
   "DSCF0776.png": 0.8669824600219727,
   "DSCF0928.png": 0.7215147018432617,
   "DSCF0672.png": 0.7590999603271484,
   "DSCF0864.png": 0.8725146055221558,
   "DSCF0696.png": 0.845806360244751,
   "DSCF0656.png": 0.8190692663192749,
   "DSCF0744.png": 0.7638532519340515,
   "DSCF0808.png": 0.8087313771247864,
   "DSCF0912.png": 0.8465853333473206,
   "DSCF0760.png": 0.7883224487304688,
   "DSCF0704.png": 0.6919702887535095,
   "DSCF0728.png": 0.7235261797904968,
   "DSCF0904.png": 0.7681683897972107,
   "DSCF0880.png": 0.9251909255981445,
   "DSCF0872.png": 0.489130437374115,
   "DSCF0848.png": 0.8343653678894043,
   "DSCF0752.png": 0.7560871839523315,
   "DSCF0856.png": 0.9152480363845825,
   "DSCF0784.png": 0.8442568182945251
  },
  "SSIM_sk": {
   "DSCF0840.png": 0.4847949161048148,
   "DSCF0832.png": 0.832891426919829,
   "DSCF0920.png": 0.7476551077841225,
   "DSCF0792.png": 0.8380177877782181,
   "DSCF0768.png": 0.7168201947736174,
   "DSCF0720.png": 0.6829722075155877,
   "DSCF0680.png": 0.755866466479196,
   "DSCF0816.png": 0.8865976506224826,
   "DSCF0800.png": 0.8008906836948687,
   "DSCF0664.png": 0.6445250625355964,
   "DSCF0888.png": 0.8290901301486747,
   "DSCF0736.png": 0.9125115144616994,
   "DSCF0824.png": 0.7093022274644358,
   "DSCF0688.png": 0.7091548507255506,
   "DSCF0896.png": 0.8475997069081712,
   "DSCF0712.png": 0.5341048816009674,
   "DSCF0776.png": 0.8597571158971041,
   "DSCF0928.png": 0.7135247362329483,
   "DSCF0672.png": 0.7465384977219212,
   "DSCF0864.png": 0.8718797774403967,
   "DSCF0696.png": 0.839892118808424,
   "DSCF0656.png": 0.810074429977715,
   "DSCF0744.png": 0.7500292852439036,
   "DSCF0808.png": 0.8001843417687295,
   "DSCF0912.png": 0.8374470535711893,
   "DSCF0760.png": 0.7754526006270684,
   "DSCF0704.png": 0.6848736192216073,
   "DSCF0728.png": 0.709347865809257,
   "DSCF0904.png": 0.7569430652493705,
   "DSCF0880.png": 0.9265186503348684,
   "DSCF0872.png": 0.44966629330261965,
   "DSCF0848.png": 0.8335126847220885,
   "DSCF0752.png": 0.7465239412792503,
   "DSCF0856.png": 0.9140876234375078,
   "DSCF0784.png": 0.8368882267211202
  },
  "PSNR": {
   "DSCF0840.png": 14.562081336975098,
   "DSCF0832.png": 25.50057601928711,
   "DSCF0920.png": 18.749067306518555,
   "DSCF0792.png": 24.596078872680664,
   "DSCF0768.png": 21.51282501220703,
   "DSCF0720.png": 15.654067993164062,
   "DSCF0680.png": 16.369226455688477,
   "DSCF0816.png": 27.393606185913086,
   "DSCF0800.png": 22.33824920654297,
   "DSCF0664.png": 14.988303184509277,
   "DSCF0888.png": 24.64338493347168,
   "DSCF0736.png": 26.149883270263672,
   "DSCF0824.png": 20.75029754638672,
   "DSCF0688.png": 17.356828689575195,
   "DSCF0896.png": 23.734922409057617,
   "DSCF0712.png": 10.654950141906738,
   "DSCF0776.png": 22.82177734375,
   "DSCF0928.png": 22.115291595458984,
   "DSCF0672.png": 16.299365997314453,
   "DSCF0864.png": 23.485271453857422,
   "DSCF0696.png": 22.19100570678711,
   "DSCF0656.png": 20.49570083618164,
   "DSCF0744.png": 19.326683044433594,
   "DSCF0808.png": 22.365848541259766,
   "DSCF0912.png": 23.309354782104492,
   "DSCF0760.png": 19.75551986694336,
   "DSCF0704.png": 13.35678482055664,
   "DSCF0728.png": 19.325305938720703,
   "DSCF0904.png": 17.576601028442383,
   "DSCF0880.png": 27.57451057434082,
   "DSCF0872.png": 13.551735877990723,
   "DSCF0848.png": 23.504505157470703,
   "DSCF0752.png": 19.337627410888672,
   "DSCF0856.png": 27.92363929748535,
   "DSCF0784.png": 23.15768051147461
  },
  "LPIPS": {
   "DSCF0840.png": 0.4659384787082672,
   "DSCF0832.png": 0.17340144515037537,
   "DSCF0920.png": 0.2521514296531677,
   "DSCF0792.png": 0.17556406557559967,
   "DSCF0768.png": 0.2709391415119171,
   "DSCF0720.png": 0.26630574464797974,
   "DSCF0680.png": 0.20104624330997467,
   "DSCF0816.png": 0.11638931185007095,
   "DSCF0800.png": 0.20675665140151978,
   "DSCF0664.png": 0.29189881682395935,
   "DSCF0888.png": 0.1630731225013733,
   "DSCF0736.png": 0.0989035964012146,
   "DSCF0824.png": 0.2769438922405243,
   "DSCF0688.png": 0.2674712836742401,
   "DSCF0896.png": 0.1512729376554489,
   "DSCF0712.png": 0.2425341010093689,
   "DSCF0776.png": 0.12798452377319336,
   "DSCF0928.png": 0.2736132740974426,
   "DSCF0672.png": 0.2009606510400772,
   "DSCF0864.png": 0.13793997466564178,
   "DSCF0696.png": 0.15225139260292053,
   "DSCF0656.png": 0.11423309892416,
   "DSCF0744.png": 0.2528400421142578,
   "DSCF0808.png": 0.20125260949134827,
   "DSCF0912.png": 0.14757966995239258,
   "DSCF0760.png": 0.21779480576515198,
   "DSCF0704.png": 0.3329019248485565,
   "DSCF0728.png": 0.26751330494880676,
   "DSCF0904.png": 0.23709645867347717,
   "DSCF0880.png": 0.06715576350688934,
   "DSCF0872.png": 0.6470813155174255,
   "DSCF0848.png": 0.1798304319381714,
   "DSCF0752.png": 0.25293052196502686,
   "DSCF0856.png": 0.07309689372777939,
   "DSCF0784.png": 0.17458181083202362
  },
  "AVGE": {
   "DSCF0840.png": 0.2256523867783898,
   "DSCF0832.png": 0.05827473969724831,
   "DSCF0920.png": 0.11814689240949153,
   "DSCF0792.png": 0.06225833780049573,
   "DSCF0768.png": 0.1000892549876452,
   "DSCF0720.png": 0.1582213633773661,
   "DSCF0680.png": 0.13082061214806437,
   "DSCF0816.png": 0.04145386828992935,
   "DSCF0800.png": 0.08084254251299133,
   "DSCF0664.png": 0.17530739061599535,
   "DSCF0888.png": 0.06148013597656387,
   "DSCF0736.png": 0.04110832447831543,
   "DSCF0824.png": 0.10727387251424837,
   "DSCF0688.png": 0.1373291357808147,
   "DSCF0896.png": 0.06276712062111753,
   "DSCF0712.png": 0.2416813871481876,
   "DSCF0776.png": 0.06246614499770306,
   "DSCF0928.png": 0.09608812316259237,
   "DSCF0672.png": 0.13224044169197346,
   "DSCF0864.png": 0.06043628536323361,
   "DSCF0696.png": 0.07120295047399673,
   "DSCF0656.png": 0.07568202021210148,
   "DSCF0744.png": 0.11278625246401426,
   "DSCF0808.png": 0.07992073621375725,
   "DSCF0912.png": 0.06461620685276945,
   "DSCF0760.png": 0.10196339293991591,
   "DSCF0704.png": 0.20432023035184185,
   "DSCF0728.png": 0.11799961712236168,
   "DSCF0904.png": 0.12587816872600102,
   "DSCF0880.png": 0.03178360485877937,
   "DSCF0872.png": 0.27330448543497343,
   "DSCF0848.png": 0.06886461026405474,
   "DSCF0752.png": 0.1133144377503556,
   "DSCF0856.png": 0.03249899703579433,
   "DSCF0784.png": 0.06931254149235586
  },
  "AVGE_sk": {
   "DSCF0840.png": 0.227005745932695,
   "DSCF0832.png": 0.05845632415518986,
   "DSCF0920.png": 0.11910151984286611,
   "DSCF0792.png": 0.06259223602520604,
   "DSCF0768.png": 0.10058659221241757,
   "DSCF0720.png": 0.15977449743684877,
   "DSCF0680.png": 0.13184460409105747,
   "DSCF0816.png": 0.041491056577090506,
   "DSCF0800.png": 0.08135672573236681,
   "DSCF0664.png": 0.17671313874514394,
   "DSCF0888.png": 0.06139633773205368,
   "DSCF0736.png": 0.04140629902878058,
   "DSCF0824.png": 0.10790153430663439,
   "DSCF0688.png": 0.13840180062008525,
   "DSCF0896.png": 0.0629874396672333,
   "DSCF0712.png": 0.24236725412312865,
   "DSCF0776.png": 0.06301926876156674,
   "DSCF0928.png": 0.0965421994666177,
   "DSCF0672.png": 0.133365493620376,
   "DSCF0864.png": 0.060486340614413395,
   "DSCF0696.png": 0.07165101783183993,
   "DSCF0656.png": 0.07629649040759647,
   "DSCF0744.png": 0.11386074572031246,
   "DSCF0808.png": 0.08050517103821493,
   "DSCF0912.png": 0.06524232841057091,