{
 "ours_30000": {
  "SSIM": 0.7745785117149353,
  "SSIM_sk": 0.765598192653855,
  "PSNR": 20.64081382751465,
  "LPIPS": 0.21940653515713557,
  "AVGE": 0.10563961750129829,
  "AVGE_sk": 0.10634497749104774
 }
}