{
 "ours_30000": {
  "SSIM": 0.48304471373558044,
  "SSIM_sk": 0.4580130913011918,
  "PSNR": 15.440943717956543,
  "LPIPS": 0.49558886204447067,
  "AVGE": 0.23157805445334653,
  "AVGE_sk": 0.23337847543183307
 }
}