{
 "ours_10000": {
  "SSIM": {
   "IMG_4034.png": 0.8300673365592957,
   "IMG_4042.png": 0.8136167526245117,
   "IMG_4026.png": 0.843468189239502
  },
  "SSIM_sk": {
   "IMG_4034.png": 0.8291985392570496,
   "IMG_4042.png": 0.8122790455818176,
   "IMG_4026.png": 0.842628538608551
  },
  "PSNR": {
   "IMG_4034.png": 24.949493408203125,
   "IMG_4042.png": 24.051942825317383,
   "IMG_4026.png": 24.770469665527344
  },
  "LPIPS": {
   "IMG_4034.png": 0.1244158148765564,
   "IMG_4042.png": 0.14974159002304077,
   "IMG_4026.png": 0.13518548011779785
  },
  "AVGE": {
   "IMG_4034.png": 0.05474631770130482,
   "IMG_4042.png": 0.06335543215772943,
   "IMG_4026.png": 0.05628527503758593
  },
  "AVGE_sk": {
   "IMG_4034.png": 0.05479286937773798,
   "IMG_4042.png": 0.06343099068128752,
   "IMG_4026.png": 0.05633548438077897
  }
 }
}