{
 "ours_10000": {
  "SSIM": {
   "IMG_4034.png": 0.8014073371887207,
   "IMG_4042.png": 0.6367775797843933,
   "IMG_4026.png": 0.2296166568994522
  },
  "SSIM_sk": {
   "IMG_4034.png": 0.8007578253746033,
   "IMG_4042.png": 0.6257448196411133,
   "IMG_4026.png": 0.183187797665596
  },
  "PSNR": {
   "IMG_4034.png": 24.27492904663086,
   "IMG_4042.png": 19.70363426208496,
   "IMG_4026.png": 12.051103591918945
  },
  "LPIPS": {
   "IMG_4034.png": 0.1390191614627838,
   "IMG_4042.png": 0.2865181267261505,
   "IMG_4026.png": 0.5702736377716064
  },
  "AVGE": {
   "IMG_4034.png": 0.06140274485825988,
   "IMG_4042.png": 0.12273214054418986,
   "IMG_4026.png": 0.3148536951679203
  },
  "AVGE_sk": {
   "IMG_4034.png": 0.061436168800283956,
   "IMG_4042.png": 0.12334574580516676,
   "IMG_4026.png": 0.31793964163623817
  }
 }
}