{
 "ours_10000": {
  "SSIM": 0.5559338927268982,
  "SSIM_sk": 0.536563515663147,
  "PSNR": 18.67655372619629,
  "LPIPS": 0.33193697532018024,
  "AVGE": 0.16632952685679,
  "AVGE_sk": 0.16757385208056297
 }
}