{
 "ours_10000": {
  "SSIM": 0.7502701878547668,
  "SSIM_sk": 0.7461712956428528,
  "PSNR": 22.572011947631836,
  "LPIPS": 0.19134391844272614,
  "AVGE": 0.08297154838586412,
  "AVGE_sk": 0.08319901058300186
 }
}