{
 "ours_10000": {
  "SSIM": 0.8290507793426514,
  "SSIM_sk": 0.8280353546142578,
  "PSNR": 24.590635299682617,
  "LPIPS": 0.13644762833913168,
  "AVGE": 0.05812900829887339,
  "AVGE_sk": 0.05818644814660149
 }
}