{
 "ours_30000": {
  "SSIM": {
   "DSCF0840.png": 0.48584550619125366,
   "DSCF0832.png": 0.45620813965797424,
   "DSCF0920.png": 0.44700032472610474,
   "DSCF0792.png": 0.6671850681304932,
   "DSCF0768.png": 0.4643475413322449,
   "DSCF0720.png": 0.2496846318244934,
   "DSCF0680.png": 0.3147878348827362,
   "DSCF0816.png": 0.4240258038043976,
   "DSCF0800.png": 0.6382712721824646,
   "DSCF0664.png": 0.301010400056839,
   "DSCF0888.png": 0.6295331716537476,
   "DSCF0736.png": 0.42977678775787354,
   "DSCF0824.png": 0.47463932633399963,
   "DSCF0688.png": 0.42105942964553833,
   "DSCF0896.png": 0.40790873765945435,
   "DSCF0712.png": 0.3308730721473694,
   "DSCF0776.png": 0.5891014337539673,
   "DSCF0928.png": 0.5311242341995239,
   "DSCF0672.png": 0.2663632035255432,
   "DSCF0864.png": 0.4236741364002228,
   "DSCF0696.png": 0.661646842956543,
   "DSCF0656.png": 0.7358317375183105,
   "DSCF0744.png": 0.48587512969970703,
   "DSCF0808.png": 0.6202106475830078,
   "DSCF0912.png": 0.4675281345844269,
   "DSCF0760.png": 0.4397643208503723,
   "DSCF0704.png": 0.7390289306640625,
   "DSCF0728.png": 0.2828669250011444,
   "DSCF0904.png": 0.4281955063343048,
   "DSCF0880.png": 0.4407294988632202,
   "DSCF0872.png": 0.5269948840141296,
   "DSCF0848.png": 0.4054875075817108,
   "DSCF0752.png": 0.5823031663894653,
   "DSCF0856.png": 0.4692384898662567,
   "DSCF0784.png": 0.6684426069259644
  },
  "SSIM_sk": {
   "DSCF0840.png": 0.4576547756743354,
   "DSCF0832.png": 0.42688233454253505,
   "DSCF0920.png": 0.4025947163900893,
   "DSCF0792.png": 0.649962513511615,
   "DSCF0768.png": 0.44597746114400216,
   "DSCF0720.png": 0.22526469445668315,
   "DSCF0680.png": 0.2965137843657053,
   "DSCF0816.png": 0.3922818144938148,
   "DSCF0800.png": 0.6185234414499615,
   "DSCF0664.png": 0.2727766978856619,
   "DSCF0888.png": 0.614701419946922,
   "DSCF0736.png": 0.402675381379838,
   "DSCF0824.png": 0.44338997489519544,
   "DSCF0688.png": 0.3965748813844341,
   "DSCF0896.png": 0.3772833775805086,
   "DSCF0712.png": 0.31588440235413767,
   "DSCF0776.png": 0.5612849349824621,
   "DSCF0928.png": 0.49606358311460363,
   "DSCF0672.png": 0.23887884358455921,
   "DSCF0864.png": 0.39293608685136644,
   "DSCF0696.png": 0.6414832168203607,
   "DSCF0656.png": 0.7221772817820273,
   "DSCF0744.png": 0.4678065023430595,
   "DSCF0808.png": 0.6004084699819195,
   "DSCF0912.png": 0.4332952059796636,
   "DSCF0760.png": 0.40942334255331736,
   "DSCF0704.png": 0.7257361694639372,
   "DSCF0728.png": 0.25974034775254196,
   "DSCF0904.png": 0.3939079716189118,
   "DSCF0880.png": 0.4211571566462224,
   "DSCF0872.png": 0.4861493350534413,
   "DSCF0848.png": 0.38127895731559275,
   "DSCF0752.png": 0.5608775810448358,
   "DSCF0856.png": 0.45063605286322345,
   "DSCF0784.png": 0.6482754843342248
  },
  "PSNR": {
   "DSCF0840.png": 17.2503662109375,
   "DSCF0832.png": 16.27840232849121,
   "DSCF0920.png": 13.603609085083008,
   "DSCF0792.png": 20.146352767944336,
   "DSCF0768.png": 17.802576065063477,
   "DSCF0720.png": 7.534318447113037,
   "DSCF0680.png": 9.520150184631348,
   "DSCF0816.png": 16.427398681640625,
   "DSCF0800.png": 19.599910736083984,
   "DSCF0664.png": 9.443896293640137,
   "DSCF0888.png": 21.09014892578125,
   "DSCF0736.png": 13.797632217407227,
   "DSCF0824.png": 17.21106719970703,
   "DSCF0688.png": 11.164457321166992,
   "DSCF0896.png": 14.534217834472656,
   "DSCF0712.png": 11.271963119506836,
   "DSCF0776.png": 15.42244815826416,
   "DSCF0928.png": 15.728900909423828,
   "DSCF0672.png": 8.750130653381348,
   "DSCF0864.png": 15.333688735961914,
   "DSCF0696.png": 17.57456398010254,
   "DSCF0656.png": 19.552249908447266,
   "DSCF0744.png": 12.749165534973145,
   "DSCF0808.png": 19.10556411743164,
   "DSCF0912.png": 15.065387725830078,
   "DSCF0760.png": 14.234489440917969,
   "DSCF0704.png": 22.501102447509766,
   "DSCF0728.png": 8.66634750366211,
   "DSCF0904.png": 12.732837677001953,
   "DSCF0880.png": 18.866716384887695,
   "DSCF0872.png": 16.390865325927734,
   "DSCF0848.png": 16.799345016479492,
   "DSCF0752.png": 16.700946807861328,
   "DSCF0856.png": 18.207260131835938,
   "DSCF0784.png": 19.37460708618164
  },
  "LPIPS": {
   "DSCF0840.png": 0.4547354280948639,
   "DSCF0832.png": 0.49486637115478516,
   "DSCF0920.png": 0.6669174432754517,
   "DSCF0792.png": 0.3479423522949219,
   "DSCF0768.png": 0.45700985193252563,
   "DSCF0720.png": 0.7031803131103516,
   "DSCF0680.png": 0.5997376441955566,
   "DSCF0816.png": 0.5111722946166992,
   "DSCF0800.png": 0.37050795555114746,
   "DSCF0664.png": 0.6696587800979614,
   "DSCF0888.png": 0.3155863285064697,
   "DSCF0736.png": 0.5259000062942505,
   "DSCF0824.png": 0.4984016418457031,
   "DSCF0688.png": 0.5558607578277588,
   "DSCF0896.png": 0.5668365955352783,
   "DSCF0712.png": 0.5510669946670532,
   "DSCF0776.png": 0.43642231822013855,
   "DSCF0928.png": 0.49725478887557983,
   "DSCF0672.png": 0.6946679353713989,
   "DSCF0864.png": 0.5274143815040588,
   "DSCF0696.png": 0.3449901342391968,
   "DSCF0656.png": 0.18873292207717896,
   "DSCF0744.png": 0.5159223079681396,
   "DSCF0808.png": 0.3666641116142273,
   "DSCF0912.png": 0.5513890981674194,
   "DSCF0760.png": 0.5660080909729004,
   "DSCF0704.png": 0.3213498294353485,
   "DSCF0728.png": 0.7443211674690247,
   "DSCF0904.png": 0.5493365526199341,
   "DSCF0880.png": 0.45712044835090637,
   "DSCF0872.png": 0.5423877239227295,
   "DSCF0848.png": 0.5108491778373718,
   "DSCF0752.png": 0.4313594698905945,
   "DSCF0856.png": 0.4448068141937256,
   "DSCF0784.png": 0.3652321398258209
  },
  "AVGE": {
   "DSCF0840.png": 0.18312866843330694,
   "DSCF0832.png": 0.2048588277224357,
   "DSCF0920.png": 0.2786278397136668,
   "DSCF0792.png": 0.12473580126173414,
   "DSCF0768.png": 0.17702578051041917,
   "DSCF0720.png": 0.47542891717580993,
   "DSCF0680.png": 0.38131709706982114,
   "DSCF0816.png": 0.20670118726354186,
   "DSCF0800.png": 0.13468916324355862,
   "DSCF0664.png": 0.39923914373576863,
   "DSCF0888.png": 0.11432976044597505,
   "DSCF0736.png": 0.2549103480213856,
   "DSCF0824.png": 0.1900642849313157,
   "DSCF0688.png": 0.31862443349953673,
   "DSCF0896.png": 0.2485479388649891,
   "DSCF0712.png": 0.3227905293659372,
   "DSCF0776.png": 0.20022109323611453,
   "DSCF0928.png": 0.20880421575558825,
   "DSCF0672.png": 0.4297028867712762,
   "DSCF0864.png": 0.22718119164108924,
   "DSCF0696.png": 0.15194222095713272,
   "DSCF0656.png": 0.10245213419234933,
   "DSCF0744.png": 0.269815786778342,
   "DSCF0808.png": 0.1405490207856596,
   "DSCF0912.png": 0.23228575059484038,
   "DSCF0760.png": 0.25187576095159286,
   "DSCF0704.png": 0.09736166887078303,
   "DSCF0728.png": 0.4408679409813137,
   "DSCF0904.png": 0.2807972392730069,
   "DSCF0880.png": 0.16433244730174515,
   "DSCF0872.png": 0.20459047502897887,
   "DSCF0848.png": 0.20190460572148786,
   "DSCF0752.png": 0.18129747662931378,
   "DSCF0856.png": 0.16981069363361193,
   "DSCF0784.png": 0.13441957550370093
  },
  "AVGE_sk": {
   "DSCF0840.png": 0.18476514030553182,
   "DSCF0832.png": 0.20666004874574076,
   "DSCF0920.png": 0.2822378186496521,
   "DSCF0792.png": 0.12578912092807637,
   "DSCF0768.png": 0.1780234614050804,
   "DSCF0720.png": 0.4779735247278726,
   "DSCF0680.png": 0.3829934690352269,
   "DSCF0816.png": 0.2085576698916257,
   "DSCF0800.png": 0.13588769470012124,
   "DSCF0664.png": 0.4018826816979105,
   "DSCF0888.png": 0.11508020853225172,
   "DSCF0736.png": 0.25689070360605204,
   "DSCF0824.png": 0.1919034391981667,
   "DSCF0688.png": 0.32083173010861465,
   "DSCF0896.png": 0.250645818422673,
   "DSCF0712.png": 0.32398453374486214,
   "DSCF0776.png": 0.20241894325076393,
   "DSCF0928.png": 0.21132891694669886,
   "DSCF0672.png": 0.43234494332480783,
   "DSCF0864.png": 0.22915715599628225,
   "DSCF0696.png": 0.15341518516208302,
   "DSCF0656.png": 0.10331630553305214,
   "DSCF0744.png": 0.2713735458481383,
   "DSCF0808.png": 0.14174466883021436,
   "DSCF0912.png": 0.2347105465160282,
   "DSCF0760.png": 0.2540995912738621,