{
 "ours_30000": {
  "SSIM": {
   "DSCF0840.png": 0.7361531853675842,
   "DSCF0832.png": 0.7437164187431335,
   "DSCF0920.png": 0.6158767342567444,
   "DSCF0792.png": 0.7882910370826721,
   "DSCF0768.png": 0.65363609790802,
   "DSCF0720.png": 0.6091359257698059,
   "DSCF0680.png": 0.6653115749359131,
   "DSCF0816.png": 0.6986191272735596,
   "DSCF0800.png": 0.627726137638092,
   "DSCF0664.png": 0.6871398091316223,
   "DSCF0888.png": 0.7269414067268372,
   "DSCF0736.png": 0.5921458005905151,
   "DSCF0824.png": 0.6107470989227295,
   "DSCF0688.png": 0.8035863041877747,
   "DSCF0896.png": 0.7640430927276611,
   "DSCF0712.png": 0.6821074485778809,
   "DSCF0776.png": 0.6545974612236023,
   "DSCF0928.png": 0.5852488279342651,
   "DSCF0672.png": 0.642294704914093,
   "DSCF0864.png": 0.7901967167854309,
   "DSCF0696.png": 0.7320368885993958,
   "DSCF0656.png": 0.784654438495636,
   "DSCF0744.png": 0.708488941192627,
   "DSCF0808.png": 0.7840906977653503,
   "DSCF0912.png": 0.6200413107872009,
   "DSCF0760.png": 0.42168688774108887,
   "DSCF0704.png": 0.6842074394226074,
   "DSCF0728.png": 0.48201796412467957,
   "DSCF0904.png": 0.6197741031646729,
   "DSCF0880.png": 0.7066206336021423,
   "DSCF0872.png": 0.7792239785194397,
   "DSCF0848.png": 0.7111393213272095,
   "DSCF0752.png": 0.6588553190231323,
   "DSCF0856.png": 0.6943437457084656,
   "DSCF0784.png": 0.7626146674156189
  },
  "SSIM_sk": {
   "DSCF0840.png": 0.7297270368455456,
   "DSCF0832.png": 0.7374273243266742,
   "DSCF0920.png": 0.5914072822146017,
   "DSCF0792.png": 0.7804809349431544,
   "DSCF0768.png": 0.6414750328147115,
   "DSCF0720.png": 0.5859824405203559,
   "DSCF0680.png": 0.6516139293933295,
   "DSCF0816.png": 0.6941870131295902,
   "DSCF0800.png": 0.6087545437711023,
   "DSCF0664.png": 0.6675417486348327,
   "DSCF0888.png": 0.7181626323286738,
   "DSCF0736.png": 0.5677343579633507,
   "DSCF0824.png": 0.5946619604822104,
   "DSCF0688.png": 0.7945947855708195,
   "DSCF0896.png": 0.7584198025729,
   "DSCF0712.png": 0.6717573244747058,
   "DSCF0776.png": 0.6329885219566966,
   "DSCF0928.png": 0.5583882467028376,
   "DSCF0672.png": 0.6235395183649558,
   "DSCF0864.png": 0.785503635319759,
   "DSCF0696.png": 0.7148248278068551,
   "DSCF0656.png": 0.7741253691226436,
   "DSCF0744.png": 0.6943032247790812,
   "DSCF0808.png": 0.7746025222060916,
   "DSCF0912.png": 0.597950112005834,
   "DSCF0760.png": 0.3903462304686451,
   "DSCF0704.png": 0.6667885051582711,
   "DSCF0728.png": 0.4537838737682535,
   "DSCF0904.png": 0.5979137333824442,
   "DSCF0880.png": 0.70455329905371,
   "DSCF0872.png": 0.7751966473657084,
   "DSCF0848.png": 0.7085080343224552,
   "DSCF0752.png": 0.6436079324083359,
   "DSCF0856.png": 0.6878741804324403,
   "DSCF0784.png": 0.7507381368353746
  },
  "PSNR": {
   "DSCF0840.png": 21.832069396972656,
   "DSCF0832.png": 22.36211395263672,
   "DSCF0920.png": 15.773433685302734,
   "DSCF0792.png": 23.434364318847656,
   "DSCF0768.png": 19.739347457885742,
   "DSCF0720.png": 14.407915115356445,
   "DSCF0680.png": 16.74945831298828,
   "DSCF0816.png": 20.136993408203125,
   "DSCF0800.png": 18.939340591430664,
   "DSCF0664.png": 18.014057159423828,
   "DSCF0888.png": 20.600906372070312,
   "DSCF0736.png": 15.998584747314453,
   "DSCF0824.png": 17.86136245727539,
   "DSCF0688.png": 21.584558486938477,
   "DSCF0896.png": 21.044395446777344,
   "DSCF0712.png": 18.81839942932129,
   "DSCF0776.png": 17.418800354003906,
   "DSCF0928.png": 17.47047233581543,
   "DSCF0672.png": 16.49268913269043,
   "DSCF0864.png": 21.248878479003906,
   "DSCF0696.png": 18.253097534179688,
   "DSCF0656.png": 20.990812301635742,
   "DSCF0744.png": 20.371864318847656,
   "DSCF0808.png": 22.87997817993164,
   "DSCF0912.png": 16.265735626220703,
   "DSCF0760.png": 12.424221992492676,
   "DSCF0704.png": 19.151334762573242,
   "DSCF0728.png": 15.160003662109375,
   "DSCF0904.png": 15.338072776794434,
   "DSCF0880.png": 20.09271812438965,
   "DSCF0872.png": 25.519603729248047,
   "DSCF0848.png": 20.548358917236328,
   "DSCF0752.png": 19.719682693481445,
   "DSCF0856.png": 20.006732940673828,
   "DSCF0784.png": 21.77230453491211
  },
  "LPIPS": {
   "DSCF0840.png": 0.23969806730747223,
   "DSCF0832.png": 0.263295441865921,
   "DSCF0920.png": 0.3984655439853668,
   "DSCF0792.png": 0.24555659294128418,
   "DSCF0768.png": 0.31684166193008423,
   "DSCF0720.png": 0.30537253618240356,
   "DSCF0680.png": 0.2878605127334595,
   "DSCF0816.png": 0.29182133078575134,
   "DSCF0800.png": 0.4014574885368347,
   "DSCF0664.png": 0.27446672320365906,
   "DSCF0888.png": 0.271014928817749,
   "DSCF0736.png": 0.40067043900489807,
   "DSCF0824.png": 0.3864861726760864,
   "DSCF0688.png": 0.17189230024814606,
   "DSCF0896.png": 0.24377596378326416,
   "DSCF0712.png": 0.28402310609817505,
   "DSCF0776.png": 0.3576541841030121,
   "DSCF0928.png": 0.42063552141189575,
   "DSCF0672.png": 0.29104775190353394,
   "DSCF0864.png": 0.22476157546043396,
   "DSCF0696.png": 0.2753629684448242,
   "DSCF0656.png": 0.15319401025772095,
   "DSCF0744.png": 0.2955276370048523,
   "DSCF0808.png": 0.24035310745239258,
   "DSCF0912.png": 0.3819177746772766,
   "DSCF0760.png": 0.5542479753494263,
   "DSCF0704.png": 0.3268817067146301,
   "DSCF0728.png": 0.48646268248558044,
   "DSCF0904.png": 0.3996056914329529,
   "DSCF0880.png": 0.28307753801345825,
   "DSCF0872.png": 0.26742950081825256,
   "DSCF0848.png": 0.30519044399261475,
   "DSCF0752.png": 0.31639036536216736,
   "DSCF0856.png": 0.2909668982028961,
   "DSCF0784.png": 0.26139768958091736
  },
  "AVGE": {
   "DSCF0840.png": 0.09312032051356119,
   "DSCF0832.png": 0.09180453433235741,
   "DSCF0920.png": 0.1869652571142809,
   "DSCF0792.png": 0.08001933402030298,
   "DSCF0768.png": 0.12557156177989034,
   "DSCF0720.png": 0.1905535746090046,
   "DSCF0680.png": 0.15211973465506454,
   "DSCF0816.png": 0.11578666176074187,
   "DSCF0800.png": 0.14623306806485334,
   "DSCF0664.png": 0.13435475005228348,
   "DSCF0888.png": 0.1072367091450056,
   "DSCF0736.png": 0.18594896858288054,
   "DSCF0824.png": 0.1580172782898429,
   "DSCF0688.png": 0.08087149247469877,
   "DSCF0896.png": 0.09764632240220823,
   "DSCF0712.png": 0.12810064586217165,
   "DSCF0776.png": 0.15616439096274862,
   "DSCF0928.png": 0.16927162171148288,
   "DSCF0672.png": 0.1574536356106024,
   "DSCF0864.png": 0.09174452203239761,
   "DSCF0696.png": 0.1286898984141312,
   "DSCF0656.png": 0.08271346233039853,
   "DSCF0744.png": 0.11356550171755025,
   "DSCF0808.png": 0.08317558872381706,
   "DSCF0912.png": 0.17718276583162174,
   "DSCF0760.png": 0.28892678481277717,
   "DSCF0704.png": 0.1307131837364791,
   "DSCF0728.png": 0.22015852956456491,
   "DSCF0904.png": 0.19317388051249304,
   "DSCF0880.png": 0.11449401938708632,
   "DSCF0872.png": 0.07064395397887009,
   "DSCF0848.png": 0.1130732215319872,
   "DSCF0752.png": 0.12538380619025477,
   "DSCF0856.png": 0.11711045270029406,
   "DSCF0784.png": 0.09460906018655993
  },
  "AVGE_sk": {
   "DSCF0840.png": 0.09349454216273194,
   "DSCF0832.png": 0.09217622524484649,
   "DSCF0920.png": 0.1888995455424502,
   "DSCF0792.png": 0.08050393373643945,
   "DSCF0768.png": 0.1262958526891014,
   "DSCF0720.png": 0.19239004909900542,
   "DSCF0680.png": 0.15314009335321385,
   "DSCF0816.png": 0.1160687319986167,
   "DSCF0800.png": 0.14744952953921128,
   "DSCF0664.png": 0.1357221816784411,
   "DSCF0888.png": 0.10780376456376876,
   "DSCF0736.png": 0.18775927818653468,
   "DSCF0824.png": 0.15908729293319537,
   "DSCF0688.png": 0.08147707158683151,
   "DSCF0896.png": 0.09803037531132947,
   "DSCF0712.png": 0.1287865295473227,
   "DSCF0776.png": 0.157751817392123,
   "DSCF0928.png": 0.17105127601006204,
   "DSCF0672.png": 0.15880043846235484,
   "DSCF0864.png": 0.09208341485377762,
   "DSCF0696.png": 0.13003209758354078,
   "DSCF0656.png": 0.08337415765074509,
   "DSCF0744.png": 0.11446842986715261,
   "DSCF0808.png": 0.08377391973201209,
   "DSCF0912.png": 0.1788595261011894,
   "DSCF0760.png": 0.29147938193645273,