{
 "ours_30000": {
  "SSIM": 0.6807803511619568,
  "SSIM_sk": 0.6665561343270557,
  "PSNR": 19.097787857055664,
  "LPIPS": 0.3118515380791255,
  "AVGE": 0.13435995695986472,
  "AVGE_sk": 0.1353621881085779
 }
}